question_number,chapter_number,question,choice_a,choice_b,choice_c,choice_d,answer
1,1,このケーキ、おいしそうだから＿＿＿＿＿＿。,食べてみます,食べますみる,食べてみません,食べみます,A
2,1,日本に来たら、いろいろな食べ物を＿＿＿といいですよ,食べみる,食べてみない,食べてみる,食べてみてください,C
3,1,新しいアプリが便利かどうか、まず＿＿＿。,使ってみてください,使ってくださいみる,使みてください,使ってくださってみる,A
4,1,この靴を買う前に、＿＿＿ほうがいいですよ。,はいてみた,はくてみた,はいてみる,はくてみる,A
5,1,あたらしいジュースを＿＿＿＿。,のむみる,のみる,のんでみる,のってみる,C
6,1,そのシャツを＿＿＿＿。,きてみます,きるみる,きるみます,きってみます,A
7,1,あたらしいゲームを＿＿＿＿。,やるみましょう,やってみましょう,やるみてください,やったみましょう,B
8,1,この映画、＿＿＿＿。,見てみてみたい,見てみるたい,見てみたい,見みたい,C
9,1,そのボタンを＿＿＿＿＿。,押みましょう,押すみましょう,押してみましょう,押したみましょう,C
10,1,私は宮崎に行ったことがないので、＿＿＿＿みたいです。,行く,行かない,行った,行って,D
11,1,私は温泉に入ったことがありません。だから、温泉に＿＿＿＿みたいです。,入って,入ります,入りません,入った,A
12,1,僕はスキーをしたことがありません。だから、スキーを＿＿＿＿みたいです。,します,して,しません,した,B
13,1,私は雪が大好きです。だから、今年は雪まつりを＿＿＿＿みたいです。,見ます,見た,見て,見ません,C
14,1,日本に旅行に来たので、着物を＿＿＿＿みたいです。,着ません,着ます,着った,着て,D
15,1,日本のお酒はおいしいらしいです。だから、＿＿＿みたいです。,飲みません,飲まない,飲んで,飲んだ,C
16,2,外は＿＿＿＿。,寒い,寒そうです,寒いから,寒いので,B
17,2,明日は天気が＿＿＿＿＿。,よさそうです,よさます,よさみた,よかった,A
18,2,見て！このケーキは＿＿＿そうです。,美味しいもの,美味しかった,美味しい,美味し,D
19,2,この車は＿＿＿＿＿そうです。でも、古いです。,新し,新しい,新しくない,新しいい,A
20,2,大下さんはバタバタしています。＿＿＿＿そうです。,忙しい,忙しくて,忙し,忙しくなかった,C
21,2,お父さんは＿＿＿＿。でも、ぜんぜんきびしくありません。,きびしい,きびしそう,きびしくない,きびしくなかった,B
22,2,あの犬は目がキラキラしています。＿＿＿＿。,嬉しいそうです,嬉しそうです,嬉しいだそうです,嬉しいなそうです,B
23,2,このラーメン、見て！このみせのラーメンは＿＿＿＿。,おいそうです,おいしそうです,おいしいそうです,おいしいだそうです,B
24,2,かばんがとても＿＿＿＿。でも、実は軽いです。,重いそうです,重そうです,重いなそうです,重いだそうです,B
25,2,山の上の道は雪があって、＿＿＿＿＿。,危なそうです,暖かそうです,ひろそうです,せまそうです,A
26,2,あの人はニコニコしています。＿＿＿＿＿。,怖そうです,怖いそうです,楽しそうです,楽しいそうです,C
27,2,このパンは見た目がふわふわしていて、＿＿＿＿。,やわらかいそうです,やわらかそうです,やわらかいなさそうです,やわらかくなさそうです,B
28,2,毎日運動しているので、あの人はとても＿＿＿＿。,健康そうです,健康なさそうです,健康になさそうです,健康だそうです,A
29,2,あの人はかぜをひいていて、＿＿＿＿。,元気そうです,つまらなさそうです,つらそうです,痛そうです,C
30,2,雪がふっています。今日はとても＿＿＿＿。,寒そうです,暑そうです,暇そうです,多そうです,A
31,2,空がまっ黒です。雨が＿＿＿＿。,降りそうです,降りますそうです,降りたいです,降らそうです,A
32,2,今日は道がこんでいるので、バスが＿＿＿＿。,遅れそうです,はやく着きそうです,走りそうです,運転しそうです,A
33,2,その映画はおもしろそうだけど、＿＿＿＿。,時間がありそうです,時間がなさそうです,時間が長そうです,つまらなそうです,C
34,2,一人で座って、ずっと下を向いているので、＿＿＿＿。,寂しなさそうです,寂しそうです,寂しくなさそうです,寂しいそうです,B
35,2,あの人はガリガリなので、＿＿＿＿。でも、ボクシングのチャンピオンです。,弱いです,弱いそうです,弱そうです,弱いなそうです,C
36,3,そのかばん、どこで＿＿＿＿？とてもかわいいですね。,買うんですか,買ったんですか,買いますんですか,買ってんですか,B
37,3,"A：どうして＿＿＿＿＿んですか？
  B：すみません、寝坊しました。",来る,来ない,来た,来なかった,D
38,3,これは何をするためのボタン＿＿＿＿？,なんですか,ですんですか,なんですんか,んですか,A
39,3,"A：あれ？泣いている＿＿＿＿？
  B：いえ、違います。ゴミが目に入りました。",のです,んですか,ますんですか,か,B
40,3,"A：暑そうですね。エアコンを＿＿＿＿＿？
  B：こわれているんです。",つけるんですか,つけないんですか,つけんですか,つけなんですか,B
41,3,"A：どうして日本語を＿＿＿＿？
  B：旅行に行くからです。",勉強しているんですか,勉強していますんですか,勉強していないんですか,勉強していませんんですか,A
42,3,"A：これ、先生に渡す＿＿＿＿？
  B：はい、プレゼントなんです",プレゼントんですか,プレゼントなんですか,プレゼントますか,プレゼントんです,B
43,3,"A：今日は早く＿＿＿＿？
  B：はい、病院に行きます。",帰るんですか,行くんですか,帰りますんですか,行きますんですか,A
44,3,"A：そのジャケット、おしゃれですね
  B：ありがとうございます。彼女に＿＿＿＿。",もらうんです,もらったんです,もらっているんです,もらっていたんです,B
45,3,"A：大丈夫ですか？どうしたんですか？
  B：＿＿＿＿＿＿＿。",頭が痛いんです,頭が痛いなんです,頭が痛んです,頭が痛いです,A
46,3,"A：料理あまりしないんですか？
  B：はい。＿＿＿＿＿。",下手んです,下手だんです,下手なんです,下手だったんです,C
47,3,トイレは＿＿＿＿＿。,どこであるんですか,どこであるなんですか,どこにあるんですか,どこにあるなんですか,C
48,3,"A：大丈夫ですか？どうしたんですか？
  B：＿＿＿＿＿＿＿。",トイレんです,トイレに行くんです,トイレに行ったんです,トイレに行きたいんです,D
49,3,"A：また遅刻？
  B：すみません。電車が＿＿＿＿＿＿。",遅れるんです,遅れたんです,遅れますんです,遅れてんです,B
50,3,"A：明日カラオケ行きませんか？
  B：あっ、明後日＿＿＿＿＿＿。",テストがあるんです,テストが終わったんです,テストがあるです,テストが終わるです,A
51,3,"A：もしよかったら、週末遊びませんか？
  B：あっ、＿＿＿＿＿＿＿。",予定んです,予定なんです,予定があるんです,予定がいるんです,C
53,3,"A:昨日、どうして来なかったんですか。
  B: すみません。熱が＿＿＿＿＿。(reason)",あったんです,あって,あります,ありますん,A
54,3,"A:山田さんは歌わないんです。
  B:ええ、歌が＿＿＿＿＿。(reason)",下手い,下手な,下手なんです,下手んで,C
55,3,"A:どうしたんですか。
  B: ちょっと気分が＿＿＿んです。",悪て,悪んで,悪くない,悪い,D
56,3,"あれ、山田さん、今日仕事は？
  今日は＿＿＿＿。",休みなんです,休みませんです,休みしたいです,休み,A
57,3,"そのシャツ、きれいですね。どこで＿＿＿＿。(polite)
  駅前のデパートです。",買ます,買ったんですか,買ったか,買つた,B
58,4,カレーの＿＿＿＿を教えてください。,作る方,作り方,作ろ方,作れ方,B
59,4,このアプリの＿＿＿＿がよくわからないんですが…。,使う方,使います方,使って方,使い方,D
60,4,すみません、駅への＿＿＿＿を教えていただけますか。,行く方,行きます方,行き方,行って方,C
61,4,この漢字の＿＿＿＿を教えてください。,読み方,読む方,読め方,読ま方,A
62,4,Macbookは＿＿＿＿が簡単で、とてもべんりですよ。,使い方,使う方,使え方,使お方,A
63,4,フランス語の発音の＿＿＿＿は難しいです。,話し方,言い方,仕方,書き方,C
64,4,この漢字の＿＿＿＿＿を教えてください。,書か方,書き方,書く方,書いて方,B
65,4,エアコンの＿＿＿＿＿がわかりません。,つけ方,消して方,つける方,消す方,A
66,4,パソコンを使いたいんですけど、パソコンの＿＿＿＿＿がわかりません。,開け方,開ける方,閉じる方,閉じ方,A
67,4,ベンチプレスの＿＿＿＿を教えてください,やる方,やり方,や方,やって方,B
68,4,この料理の＿＿＿＿を教えて下さい,作ります,作り方,作りた,作りて,B
69,4,この漢字の＿＿＿＿がわかりますか。,読んだ,読んで,読みます,読み方,D
70,4,日本の着物の＿＿＿＿＿が分かりません,着方,着ます,着って,着った,A
71,4,あなたはこのゲームの＿＿＿＿＿を知っていますか,遊びます,遊んで,遊び方,遊んだ,C
72,4,これは上手な＿＿＿＿＿の本です。スピーチの前に読んでください,話します,話して,話しだ,話し方,D
73,5,＿＿＿＿ので、帰ります。,熱がある,元気です,好きです,おもしろい,A
74,5,＿＿＿＿ので、水を飲みます。,ひまです,のどがかわいた,さむい,うれしいです,B
75,5,＿＿＿＿ので、休みます。,うるさい,ひま,ねむい,にぎやかな,C
76,5,＿＿＿＿ので、アニメを見ます,ひま,やることがない,勉強する,うれしい,B
77,5,＿＿＿＿ので、外に出ません。,晴れ,雨,晴れな,雨な,D
78,5,＿＿＿＿ので、急ぎます。,ひまな,時間がない,好きな,雨,B
79,5,＿＿＿＿ので、電気をつけました。,明るい,暗い,明るいな,暗いな,B
80,5,＿＿＿＿ので、図書館へ行きます。,いそがしい,うるさい,ひま,勉強したい,D
81,5,＿＿＿＿ので、バスで行きます。,今雨が降る,今雨が降らない,今雨が降っている,今雨が降っていない,C
82,5,＿＿＿＿ので、新しいかばんを買いました。,古い,古くない,古いな,古います,A
83,5,部屋が＿＿＿＿ので、エアコンをつけました。,とても暑い,とても暑いな,とても暑いだ,とても暑くない,A
84,5,＿＿＿＿ので、休みます。,かぜをひく,かぜをひいた,かぜをひいて,かぜをひくます,B
85,5,お金を＿＿＿＿ので、財布をさがしています。,落とす,落としています,落として,落とした,D
86,5,日本に＿＿＿＿ので、日本語を勉強しています。,旅行したい,旅行したくない,旅行しますか,旅行して,A
87,5,荷物が＿＿＿＿ので、タクシーを呼びました。,重い,重いな,軽い,軽いな,A
88,5,ちょっと＿＿＿＿ので、今日は早く帰ります。,具合がいい,具合が悪い,具合がよかった,具合が悪かった,B
90,5,昨日ニュースを＿＿＿＿＿ので、その事故を知りませんでした。,見なかった,見ない,見て,見よう,A
91,5,兄は映画が＿＿＿＿ので、よく見に行きます。,好き,好きな,好きだ,好きで,B
92,5,今日は＿＿＿ので、学校は休みです。,日曜日,日曜日だ,日曜日な,日曜日の,C
93,5,パソコンが＿＿＿＿＿ので、新しいのを買いました。,こわれる,こわれない,こわれて,こわれた,D
94,5,私の家は駅から＿＿＿＿＿ので、不便です。,遠い,遠な,遠くて,遠く,A
95,6,私は自転車に____ができます,乗ること,乗る,乗ります,のっています,A
96,6,この川は危ないので________,泳ぐことができます,泳ぐことができません,泳ぐからできません,泳ぎません,B
97,6,インターネットでホテルを＿＿＿＿ことができます。,予約する,予約できます,予約ができる,予約をする,A
98,6,このペンで手紙を＿＿＿＿＿ことができます。,書く,書きます,書いて,書いた,A
99,6,私はパソコンを＿＿＿＿＿できます。たとえば、エクセルやワード。,作ることが,使うことが,作ってが,作った,B
100,6,私はギターを＿＿＿ができます,弾く,弾きます,弾いて,弾くこと,D
101,6,田中さんは＿＿＿＿＿できます,フランス語を,フランス語が,フランス語に,フランス語で,B
102,6,美術館では写真を＿＿＿＿＿できます,撮ることが,撮ります,撮って,撮れること,A
103,6,私は日本語を＿＿＿＿＿ができます,話した,話します,話して,話すこと,D
104,6,田中さんはピアノを＿＿＿＿＿ができます,弾くこと,弾きます,弾いて,弾いた,A
105,6,子どもは自転車に＿＿＿＿＿できます,乗ります,乗ることが,乗って,乗った,B
106,6,この店ではクレジットカードが＿＿＿＿＿できます,使います,使うことが,使って,使った,B
107,6,山田さんは英語を＿＿＿＿＿できます,読んで,読みます,読むことが,読んだ,C
108,7,その店が＿＿＿＿かどうか、電話で聞いてみます。,開いている,開く,開いた,開いて,A
109,7,明日雨が＿＿＿＿かどうか、天気予報を見ましょう。,ふる,ふった,ふれている,ふって,A
110,7,彼が＿＿＿＿＿＿＿、まだ分かりません。,来ることが,来るかどうか,来るどか,来るがこと,B
111,7,この漢字が正しい＿＿＿＿＿＿＿、先生に聞いてください。,書き方だかどうか,書き方などうか,書き方かどうか,書き方ことか,C
112,7,パスポートを＿＿＿＿かどうか、もう一度確認してください。,持っている,持つ,持っているだ,持つだ,A
113,7,今日授業が＿＿＿＿＿＿＿、LINEで友だちに聞きました。,あること,あって,あるどうか,あるかどうか,D
114,7,その映画が＿＿＿＿＿＿＿＿＿＿、レビューを読みました。,おもしろいことかどうか,おもしろいことか,おもしろいかどうか,おもしろいで,C
115,7,電車が時間どおりに来る＿＿＿＿どうか、しらべています。,こと,か,いつ,だ,B
116,7,私の日本語が＿＿＿＿＿かどうか、先生に聞いてみます。,上手です,上手か,上手,上手だった,C
117,7,新しいアプリが________、まだわかりません。,便利かどうか,便利ですか,便利,便利でしたか,A
118,7,彼が_____かどうか教えてください。,来ます,来る,来て,来た,B
119,7,____かどうかわからないので、食べてみます,美味しい,美味しかった,美味しいです,美味しく,A
120,7,あの図書館、日曜日が＿＿＿＿＿かどうか、知っていますか。,休む,休み,休んだ,休んで,B
121,7,あのレストランは＿＿＿＿＿かどうか、分かりません。,美味しい,美味しくありません,美味しかった,美味しく,A
122,7,この仕事、明日までに＿＿＿＿かどうか分かりませんが、やってみましょう。,できる,できます,できません,できた,A
123,7,明日一緒にカラオケに＿＿＿＿かどうか、友達に電話して聞いてみます。,行く,行きます,行って,行った,A
124,7,明日雨が_____かどうか、天気予報を見ます。,降る,降りました,降りませんでした,降った,A
125,7,その店がまだ______かどうか、電話して聞いてみます。,開い,開いている,開いた,開いてます,B
126,7,その話が_____かどうか、分かりません。,本当だ,本当です,本当,本当だったら,C
127,7,来週のテストに______かどうか、心配です。,間に合って,間に合った,間に合わなかった,間に合う,D
128,7,田中さんがパーティーに____かどうか、知っていますか。,来る,来た,来て,来ない,A
129,7,この漢字が_______かどうか、先生に見てもらいます。,正しかった,正しい,正しくなかった,正しくて,B
130,7,この電車が空港に______かどうか、駅員さんに聞きました。,行くなかった,行って,行く,行った,C
131,7,あの人が_____かどうか、よく分かりません。,外国人はなかった,外国人だった,外国人でした,外国人,D
132,7,その映画が______かどうか、友達に聞きたいです。,見た,見る,面白い,面白い,C
133,7,明日の会議に______かどうか、メールで教えてください。,参加できない,参加できる,参加できた,参加できなかった,B
134,8,傘を______歩く,差して,差した,差しません,差さない,A
135,8,シートベルトをして_____下さい。,運転して,運動して,運んで,動いて,A
136,8,暑かったので窓を_____寝ました。,閉めて,開けて,開いて,消して,B
137,8,下の絵を_____答えて下さい。,見えて,見せて,見て,見ないで,D
138,8,この絵は色鉛筆を_____かきました。,使えて,使わなくて,使ったり,使って,D
139,8,雨の日、傘を_____学校に行きます。,差して,被って,はいて,して,A
140,8,暑い日は帽子を_____学校に行きます。,被って,着て,はいて,して,A
141,8,寒い日はコートを_____学校に行きます。,かぶって,着て,はいて,して,B
142,8,時間がなかったので、朝ご飯を_____、学校へ行きました。,食べなくて,食べなかった,食べないで,食べません,C
143,8,財布を_____、出かけました。,持たなくて,持って,持ちないで,持たないで,D
144,8,辞書を_____、作文を書きます。,使わなくて,使いないで,使って,使わないで,D
145,8,車に＿＿＿＿、仕事に行きます。,乗りて,乗て,乗って,乗り,C
146,8,歯を＿＿＿＿、寝ます。,磨き,磨いて,磨って,磨いた,B
147,8,薬を＿＿＿＿、寝たほうがいいですよ。,飲み,飲んで,飲んだ,飲む,B
148,8,朝ごはんを＿＿＿＿、学校へ行きます。,食べ,食べる,食べて,食べた,C
149,8,シャワーを＿＿＿＿、出かけます。,浴び,浴びて,浴びって,浴びんで,B
150,8,傘を＿＿＿＿、スーパーに行きます,さす,さって,さいて,さして,D
151,8,スーパーでサンドイッチを＿＿＿＿、家に帰ります,買うって,買って,買いて,買て,B
152,8,ジムに＿＿＿＿、運動します,行く,行て,行って,行くて,C
153,9,朝ごはんを＿＿＿＿出かけました。,食べないで,食べました,食べないだ,食べなくて,A
154,9,薬を＿＿＿＿、寝ないでください。,飲みませんで,飲まなんで,飲まなくて,飲まないで,D
155,9,電気を＿＿＿＿、寝ました。,けさなんで,けさない,けさなくて,けさないで,D
156,9,スマホを＿＿＿＿、話してください。,見ませんで,見てで,見ないで,見ないんで,C
157,9,宿題を＿＿＿＿、テレビを見ました。,しませんで,しません,しないて,しないで,D
158,9,時間がなかったので、朝ご飯を_______、学校へ行きました。,食べないで,食べなかった,食べる,食べて,A
159,9,財布を________、出かけました,持てない,持たないで,持てなかった,持てる,B
160,9,辞書を________、作文を書きます。,使います,使いません,使わないで,使った,C
161,9,砂糖を _____ コーヒーを飲みます。,入らないで,入らなくて,入れないで,入れて,C
162,9,傘を _____ 歩いている人がいます。,差して,差さないで,差さなくて,差さないで,B
163,9,疲れたので、シャワーを _____ 寝ました。,あびないで,あびなくて,あばないで,あびて,A
164,9,テキストを _____ 答えを書いて下さい。,見ないで,見なくて,見えて,見せなくて,A
165,9,明日試験が_____、寝ないで勉強します。,あって,あるので,あるのに,あれば,B
166,10,今日の宿題はもう全部______。,やってしまいました,やってまいません,やってしまわない,やってしまって,A
167,10,"A:本、ありがとうございました。とても面白かったです。
  B:え？もう________。",読みました,読んでしまったんですか,読みましょう,読んでしまわない,B
168,10,６時から飲み会があるので、このイラストを５時までに______。,書いた,書く,書いてしまいたい,書いたい,C
169,10,冷蔵庫のジュースを全部＿＿＿＿しまいました。,飲んで,飲む,飲んだ,飲みました,A
170,10,この仕事は昼休みまでに＿＿＿＿しまいたいと思います。,やる,やって,やった,やってない,B
171,10,見学のレポートは昨日＿＿＿＿しまいました。,書いた,書く,書いて,書かない,C
172,10,料理の材料や飲み物は、このスーパーで全部＿＿＿＿＿しまいましょう。,買う,書いた,買いって,買って,D
173,10,雨が降る前に、犬の散歩に＿＿＿＿＿しまいましょう。,行った,行ってない,行って,行ったなかった,C
174,10,大事な書類をなくし＿＿＿＿。,てみた,てしまいました,ていった,ていって,B
175,10,友だちのケーキを全部食べ＿＿＿＿。,てしまいました,ています,てしました,ていまいました,A
176,10,雨が急に降って、服がぬれ＿＿＿＿。,ておく,てしまいました,ていった,てまいました,B
177,10,財布をどこかで＿＿＿＿＿しまいました。,なくして,なくす,なくした,なくします,A
178,10,宿題が全部＿＿＿＿＿しまいました。だから、今日は早く寝ます。,わすれて,おわって,みえて,たべて,B
179,10,大事な会議に＿＿＿＿＿しまいました。すみません！,おくれて,いれて,つくって,ちこく,A
180,10,タクシーの中にかばんを＿＿＿＿＿しまいました。,わすれる,わすれて,わすれた,わすれます,B
181,10,ゲームに夢中で、時間がすぎて＿＿＿＿＿。,しまいました,しました,しいました,した,A
182,10,間違えて先生にメールを_________________。,おくってしまいました,おくってしました,おくってした,おくってしまた,A
183,10,お金を全部つかって＿＿＿＿＿。,しまた,しまいました,しまって,しまて,B
184,10,疲れていたので、ソファで寝＿＿＿＿＿しまいました。,て,た,る,ない,A
185,10,必要なものは全部モールで買って_____________。,しまいましょう,しまいしょう,しましょう,してしまいましょう,A
186,10,ジュースを＿＿＿＿＿しまいました。,こぼす,こぼして,こぼした,こぼさない,B
187,10,公園でころんで、足を＿＿＿＿＿しまいました。,けがする,けがして,けがした,けがしない,B
188,10,スマホを水に＿＿＿＿＿しまいました。,おとす,おとして,おとした,おとさない,B
189,10,友だちの本を＿＿＿＿＿しまいました。,なくした,なくす,なくして,なくさない,C
190,11,雨が＿＿＿＿＿ら、出かけません。,ふる,ふって,ふった,ふらない,C
191,11,宿題が＿＿＿＿＿ら、ゲームしていいよ。,おわる,おわって,おわった,おわらない,C
192,11,うちに＿＿＿＿＿ら、れんらくしてください。,つく,ついた,ついて,つかない,B
193,11,ひまに＿＿＿＿＿、手伝ってください。,なるら,なったら,なったたら,なるたら,B
194,11,ねつが＿＿＿＿＿＿、学校を休んでください。,でるら,でったら,でたら,でてら,C
195,11,10時に＿＿＿＿＿、起こしてください。,なったら,なってら,なるら,なって,A
196,11,ボタンを＿＿＿＿＿ら、ドアが開きます。,おす,おさない,おして,おした,D
197,11,料理が＿＿＿＿＿ら、呼んでください。,した,できた,する,できる,B
198,11,＿＿＿＿＿＿、食べてください,よかった,いったら,よかったら,いいたら,C
199,11,これはどうやって＿＿＿＿＿らいいですか。,使う,使わない,使って,使った,D
200,11,日本でけいたいを買いたいです。どこへ＿＿＿＿＿＿＿。,行ったらいいですか,行きますか,行ってもいいですか,行きましょう,A
201,11,これ、どこに＿＿＿＿＿らいいですか。,捨てた,捨てて,捨てました,捨てます,A
202,11,わからないとき、だれに＿＿＿＿＿＿＿＿。,聞いたらいいですか,聞きましょう,聞いてもいいですか,聞きませんか,A
203,11,パーティーには何を＿＿＿＿＿らいいですか。,持って行く,持って行かない,持って行って,持って行った,D
204,11,この漢字、どうやって＿＿＿＿＿＿＿＿＿。,読んだらいいですか,読んでいいですか,読んでもいいですか,読んではいけません,A
205,11,先生、つぎは何を＿＿＿＿＿らいいですか。,する,して,した,しないで,C
206,11,じゅぎょうの前に何を＿＿＿＿＿いいですか。,勉強したら,勉強して,勉強したと,勉強する,A
207,11,雨が___出かけません。,降ったら,降るなら,降っても,降れば,A
208,11,危ないので台風が___海へ行かないでください。,来るなら,来たら,来て,来ても,B
209,11,明日___野球の試合はありません。,雨でも,雨ばかり,雨だったら,雨と,C
210,11,駅から___歩いて行きましょう。,近くて,近いと,近くなれば,近かったら,D
211,11,仕事が___お酒を飲みに行きませんか。,おわるなら,おわるのに,おわったら,おわっても,C
212,11,１８歳に___、めんきょを撮ることがきます。,なるなら,なったら,なると,なって,B
213,11,もう５時間も働いていますよ。少し___どうですか。,休んだら,休みに,休めば,休みと,A
214,12,来て！ここでいい写真が______よ。,撮れません,撮れます,撮れるます,撮れない,B
215,12,熱があって、学校に_____。,行けません,行くません,行けます,行かれます,A
216,12,車が_______。,運転します,運転ません,運転しない,運転できます,D
217,12,コンビューターが＿＿＿＿＿＿,使える,使えまする,使われられます,使うません,A
218,12,私は日本語の新聞が＿＿＿＿＿。,読みません,読めます,読まれます,読めないます,B
219,12,私はお酒が＿＿＿＿＿＿。,飲むません,飲まれます,飲めません,飲めるます,C
220,12,"A:この図書館、雑誌も＿＿＿＿＿＿＿。
B:ええ、古い雑誌は大丈夫ですよ",借りられます,借りますか,借りませんか,借りられますか,D
221,12,私は漢字が１００字＿＿＿＿。,書けます,書かれます,書けまする,書くません,A
222,12,鈴木さんはギターが上手です。でも、ピアノが＿＿＿＿。,弾かれます,弾けます,弾けません,弾くません,C
223,12,あのビール工場はいつでも＿＿＿＿＿。,見学します,見学られません,見学できます,見学できられる,C
224,12,"A:明日の朝７時に会社に＿＿＿＿か。
 B:はい、分かりました。",来るます,来ます,来られます,来れない,C
225,12,うちの息子は４歳ですが、自転車に＿＿＿＿。,乗られまする,乗れまする,乗れません,乗れます,D
226,12,あそこに白いビルが＿＿＿＿ね。銀行はあの中です。,見えます,見られます,見えまする,見えますれます,A
227,12,上野動物園でパンダが＿＿＿＿よ。,見えます,見られます,見られまする,見えまする,B
228,12,あ、鳥の声が＿＿＿＿＿ね。綺麗な声ですね,聞けまする,聞かれます,聞こえます,聞けます,C
229,12,インターネットで、いつも新しい歌が＿＿＿＿＿。,聞こえます,聞かれます,聞けるます,聞けます,D
230,12,漢字が＿＿＿＿＿。,読むない,読めない,読んない,読みない,B
231,12,このプールではおよぐことが＿＿＿＿＿。,できます,できす,する,します,A
232,12,先生、もっとゆっくり＿＿＿＿＿ますか。,話す,話せ,話して,話した,B
233,12,ねー、富士山が＿＿＿＿＿よ。,見る,見える,見られる,見れる,B
234,12,この牛乳は＿＿＿＿＿＿よ。,飲めらません,飲めません,飲められません,飲めれません,B
235,12,新しいパソコンだから、いろいろなアプリが＿＿＿＿＿。,つかいます,つかえません,つかえます,つかいました,C
236,12,このカメラは水の中でも＿＿＿＿＿。,とります,とられます,とれます,とらます,C
237,12,この字が＿＿＿＿＿ません。,よんだ,よめ,よめない,よんで,B
238,12,ピアノが＿＿＿＿＿＿。,ひけます,ひきます,ひくます,ひかます,A
239,12,ジムをいつでも＿＿＿＿＿＿＿。,見学します,見学するできます,見学できます,見学してできます,C
240,12,２０歳なので、車に＿＿＿＿＿＿。,乗られます,乗ります,乗れます,できます,C
241,13,"A : 礼状はお礼の手紙________。
B : はい。そうですよ。",という意味です。,どいう意味ですか。,という意味ですか。,どいう意味です。,C
242,13,この天気予報のマークは、曇りですが時々晴れる_________,とい意味です。,という意味です。,意味です。,どういう意味です。,B
243,13,"A:先生、この三角は＿＿＿＿＿＿＿＿。
 B:答えがちょっと違うという意味です。",どいう意味です。,どういう意味ですか。,意味ですか。,という意味ですか。,B
244,13,日本語の「すみません」は、ありがとう＿＿＿＿＿＿,という日本語です,という言葉です,という名前です,という意味です,D
245,13,＿＿＿＿＿という飲み物を知っていますか。とても甘いです。,抹茶,ラムネ,すし,スープ,B
246,13,富士山という＿＿＿＿＿に行きたいです。,食べ物,山,花,有名,B
247,13,これは折り紙という日本の＿＿＿＿＿です。,遊び,遊ぶ,遊びます,遊んで,A
248,13,＿＿＿＿＿＿＿＿＿を使っていますか。,アプリというLINE,LINEというアプリ,LINEアプリという,アプリLINEという,B
249,13,私は＿＿＿＿＿＿＿＿＿＿を飼っています。,犬ボブ,ボブ犬,犬というボブ,ボブという犬,D
250,13,これはカレーという＿＿＿＿＿＿＿＿です。,食べ物,食べる,食べ物という,食べ物ということ,A
251,13,あそこに東京タワーという＿＿＿＿＿＿＿があります。,建物,食べ物,物,高い,A
252,13,ナイアガラという＿＿＿＿＿＿＿をしっていますか。,都市,川,場所,国,C
253,13,"A : 節約とは何ですか？
 B : お金を大切にする＿＿＿＿＿＿です",という意味,という物,というお金,という何,A
254,13,無料というのは、お金が＿＿＿＿＿＿です。,意味といういらない,いらない意味という,いらないという意味,という意味,C
255,13,禁止というのは、＿＿＿＿＿＿という意味です。,してはいけない,してもいい,してもいいですか,してしまう,A
256,14,私はスミスさんにパーティーに________。,招待しました,招待されました,招待してくれました,招待させました,B
257,14,私は社長に仕事を________。,頼まれました,頼みました,頼りました,頼ませました,A
258,14,昨日知らないおばあさんに道を__________。だから、道を教えました。,聞きました,聞こえました,聞かれました,聞いていました,C
259,14,ピアノが上手に弾けたので、先生に________。,褒めました,褒めていました,褒めさせました,褒められました,D
260,14,私は母に買い物を＿＿＿＿ました。だから、めんどくさいけど、スーパーに買い物に行きました。,頼まれ,頼み,頼んで,頼ませ,A
261,14,私はみんなに「ケン」と＿＿＿＿ています。,呼び,呼ばれ,呼んで,呼べ,B
262,14,私は毎日母に＿＿＿＿＿ています。,起き,起こし,起こされ,起こさせて,C
263,14,私は上田さんに「何が好き？」と＿＿＿＿ました。甘いものが好きなので、ケーキと答えました。,聞き,聞いて,聞こえ,聞かれ,D
264,14,私は先生に______。,ほめられた,ほめた,ほめて,ほめさせた,A
265,14,テストで満点を取って、先生に＿＿＿＿＿＿。,褒められました,褒めさせました,褒めりました,褒まりました,A
266,14,新しい髪型を彼に＿＿＿＿＿＿、とても嬉しかった。,褒めた,褒めさせて,褒められて,褒めて,C
267,14,週末、友達に映画に＿＿＿＿＿＿。,誘われました,誘いました,誘わせました,誘られました,A
268,14,好きな人にデートに＿＿＿＿＿＿が、都合が悪くて行けなかった。,誘った,誘われた,誘わせて,誘いて,B
269,14,海で溺れかけたとき、ライフセーバーに＿＿＿＿＿＿。,助けられた,助けた,助けらせた,助かった,A
270,14,仕事で困っているとき、同僚に＿＿＿＿＿＿。,助けさせました,助けました,助けられました,助りました,C
271,14,部長に急な仕事を＿＿＿＿＿＿ので、残業することになった。,頼ませた,頼んだ,頼まれた,頼られた,C
272,14,知らない人に道を＿＿＿＿＿＿。だから、道を教えてあげました。,聞きました,聞かれました,聞かせました,聞かられました,B
273,14,友人の結婚式に＿＿＿＿＿＿。楽しみです。,招待しました,招待させました,招待されました,招待られました,C
274,14,社長の家のパーティーに＿＿＿＿＿＿。,招待された,招待した,招待させて,招待れて,A
275,14,授業中に寝ていたので、先生に＿＿＿＿＿＿。,叱られました,叱りました,叱らせました,叱りられました,A
276,14,満員電車で、隣の人に足を＿＿＿＿＿＿。,踏んだ,踏ませた,踏めた,踏まれた,D
277,14,旅行中にパスポートを＿＿＿＿＿ので、大変でした。,盗んだ,盗まれた,盗ませた,盗みられた,B
278,14,弟に大切にしていたカメラを＿＿＿＿＿＿。,壊された,壊した,壊させた,壊れた,A
279,14,みんなの前で転んで、＿＿＿＿＿＿。,笑った,笑わせた,笑われた,笑えられた,C
280,14,このお寺は500年前に＿＿＿＿＿＿。,建てました,建てさせました,建てられました,建ちました,C
281,14,この小説は有名な作家によって＿＿＿＿＿＿。,書かれました,書きました,書かせました,書きられました,A
282,14,昨日、公園で蚊に＿＿＿＿＿＿。,刺した,刺せた,刺された,刺しられた,C
283,14,彼女に告白したが、＿＿＿＿＿＿。,振らせた,振った,振られた,振りました,C
284,14,来週、東京で国際会議が＿＿＿＿＿＿。,開かれます,開きます,開かせます,開けられます,A
285,15,"A:風邪をひいている_____、仕事に行くんですか。
  B: ええ、会議かあるので休めないんです。",のに,なのに,ので,だから,A
286,15,仕事が忙しい_____、山田さんは今日も休みです。,のに,なのに,ので,だから,A
287,15,もう5月_______、とても寒いですね。,のに,なのに,ので,だから,B
288,15,"A:お腹、空きましたね。
  B:え？ さっきたくさん食べた＿＿＿＿、もうお腹が空いたんですか？",で,なのに,ので,のに,D
289,15,リンさんは歌が上手＿＿＿＿、皆の前で歌いません。,なのに,ので,だから,のに,A
290,15,大石さんは中国に２年住んでいる＿＿＿＿中国語ぜんぜん話せません。,だから,から,ので,のに,D
291,15,ピアノを毎日練習している＿＿＿＿＿なかなか上手になりません。,ので,のに,から,で,B
292,15,あの人はもう７０歳＿＿＿＿＿、毎日１０キロ走っています,に,の,なのに,のに,C
293,15,あの子は雨が降っている_______外で遊んでいます,で,だから,ので,のに,D
294,15,いつも週末は休みです。でも、今日は日曜日＿＿＿＿、仕事があります。,けど,だから,なのに,ので,C
295,15,このバーはいつも静か＿＿＿＿、今日は人が多いです,けど,から,なので,なのに,D
296,15,今日は日曜日なのに、＿＿＿＿。,学校があります,寝ています,公園で遊びます,天気がいいです,A
297,15,イケメンなのに、＿＿＿＿＿。,彼女がいます,かっこいいです,彼女がいません,モテます,C
298,15,早く起きたのに、＿＿＿＿。,遅刻しました,間に合いました,遅いです,朝ごはんを食べました,A
299,15,＿＿＿＿のに、すぐこわれました,高かった,安かった,こわれた,お店で見た,A
300,15,ダイエット中_____、ケーキをたくさん食べました。,だから,だのに,なのに,から,C
301,15,彼はお金持ちなのに、＿＿＿＿。,フェラーリを持っています,とてもケチです,家が大きいです,旅行が好きです,B
302,15,今日は暖かいのに、＿＿＿＿。,コートを着ています,外に出かけました,花が咲いています,ピクニックをします,A
303,15,学生なのに、＿＿＿＿。,毎日学校に行きます,授業を受けています,全然勉強しません,宿題があります,B
304,15,今日は忙しいのに、＿＿＿＿。,たくさん仕事があります,友だちと遊びに行きました,会議が続きます,メールが多いです,B
305,15,＿＿＿＿のに、全然疲れていません。,一日中歩いた,ずっと家にいた,早く寝た,何もしていない,A
306,15,＿＿＿＿のに、部屋が暗いです。,電気をつけた,夜になった,カーテンを閉めた,まだ朝,A
307,15,＿＿＿＿のに、彼は笑っています。,とても怒っている,うれしいニュースを聞いた,おもしろい映画を見た,誕生日,A
308,15,今日は休日＿＿、会社に行きます。,のに,なのに,ので,けど,B
309,15,今日はクリスマス＿＿、会社に行きます。,のに,ですが,なので,で,B
310,15,たくさん練習した＿＿、全然上手になりません。,なのに,ので,から,のに,D
311,15,近い＿＿、タクシーを使うんですか。,から,なのに,のに,ので,C
312,15,日本に3年住んでいる＿＿、漢字が読めます。,のに,なのに,ので,から,D
313,16,明日テストがあるので、今日は早く寝___いけません。,なければ,たら,のに,そうで,A
314,16,健康のために、毎日野菜を食べ___いけません。,ては,なければ,ると,すぎて,B
315,16,明日までにこの宿題を出さ___いけません。,れば,せれば,なくては,なれれば,C
316,16,電車の中では、マナーモードに___いけません。,すれば,しなければ,しなくれば,しれば,B
317,16,朝寝坊したので、急いで________。,行かなければいけません,行けるはずです,行ったみたいです,行かなくてもいいです,A
318,16,風邪をひいたので、今日は薬を＿＿＿＿。,飲んでみたいです,飲まなければいけません,飲ければいいです,飲まなくてもいいです,B
319,16,仕事がたくさんあるので、今夜は残業を＿＿＿＿。,しなければいけません,してはいけません,するければいけません,しなければません,A
320,16,明日試験がありますから、今晩は勉強____ければなりません。,しな,すれ,し,して,A
321,16,"A:この本は月曜日までに_____ければなりませんか。
  B:はい、月曜日までに返して下さい。",返し,返さな,返れ,返ら,B
322,16,日本では、車は道の左側を_____なければなりませんから、大変です。,走り,走る,走ら,走れ,C
323,16,"A:これからカラオケに行きませんか。
  B:すみません。今日は早く_____なければならないんです。",帰り,帰れ,帰って,帰ら,D
324,16,明日は日曜日ですが、会社へ＿＿＿なければなりません。,行か,行き,行く,行け,A
325,16,このプールでは必ず帽子を＿＿＿＿なければなりません。,かぶり,かぶら,かぶれ,かぶって,B
326,16,"A:住所を＿＿＿＿なければなりませんか。
  B:いいえ、名前だけ書いて下さい。",書き,書いて,書か,書く,C
327,16,"A:これから一緒に映画に行きませんか。
  B:すみません。スピーチの準備を＿＿＿＿なければならないので。。。",する,す,して,し,D
328,16,留学するとき、ビザを＿＿＿＿なければなりません。,取ら,取り,取れ,取って,A
329,16,"A:すみません。この子のチケットも＿＿＿＿＿なくてはなりませんか。
  B:はい、子どもさんもチケットを買ってください。",買わ,買い,買え,買わな,A
330,16,今日は歯医者へ＿＿＿＿なくてはいけないので、お先に失礼します。,行き,行か,行く,行って,B
331,17,"A:土曜日に学校の教室を______もいいですか。
B:ええ、午前中は先生がいますから、使ってもいいですよ。",使い,使って,使う,使わ,B
332,17,"A:教室でお弁当を______いいですか。
  B:お弁当は食堂で食べて下さい。",食べても,食べるも,食べたも,食べると,A
333,17,"A:タバコを_______ですか。
B:すみません、ここでは吸わないでください。",吸てもいい,吸うてもいい,吸ってもいい,吸いてはいい,C
334,17,"A:一緒に_______ですか。
  B:すみません。今日はちょっと。。。",行いていい,行くもいい,行ったもいい,行ってもいい,D
335,17,作文を書くとき、辞書を＿＿＿もいいです。,使い,使って,使っ,使う,B
336,17,ここに車を＿＿＿＿もいいですか。,とめて,とまって,とまり,とまって,A
337,17,熱が無かったら、お風呂に＿＿もいいです。,入り,入いて,入って,入る,C
338,17,部屋の空気が悪いですから、窓を＿＿＿もいいですか。,開いて,開けて,開く,開き,B
339,17,このペンを＿＿＿もいいですか。,借って,貸して,借りる,借りて,D
340,18,私は日本人の友達にお菓子を＿＿＿＿＿。,やりました,くれま,あげました,いただきました,C
341,18,"A : このパン、たくさんあるから一つ＿＿＿＿＿。
B : ありがとう",もらった,くれた,あげるよ,くれたら,C
342,18,私は毎日うちの犬に餌を＿＿＿＿＿。,やります,もらいます,さしあげます,いただきます,A
343,18,"兄：これ、貰ったんだけど、使わないから、＿＿
弟：ありがとう。",あげた,やるよ,もらった,くれた,B
344,18,私は先生にお土産を＿＿＿＿＿＿,やりました,あたえました,さしあげました,くれました,C
345,18,"A:このカタログ、もらってもいいんですか。
B:はい。どうぞ。皆さんに＿＿＿＿＿＿＿",やっています,もらっています,いただいています,さしあげています。,D
346,18,妹がテストに合格したので、昨日妹にゲームを＿＿＿＿＿＿＿,買ってあげました,買ってもらいます,買っていただきました,買ってくれました,A
347,18,"A:佐藤さん、料理上手だね。
B:そう？また＿＿＿＿＿",作っているよ,作ってあげるね。,作ってもらうね,作ってくれるね,B
348,18,私は中国語を話せるので、昨日友達に中国語を＿＿＿＿＿＿。,教えてもらいました,教えています,教えてあげました。,教えていただきました,C
349,19,土曜日は学校へ______もいいです。,行け,行ける,行く,行かなくて,D
350,19,今日は涼しいですから、エアコンを______もいいです。,つけなくて,つけて,つける,つけない,A
351,19,私の国では家の中に入るとき、靴を______もいいです。,脱いで,脱がなくて,脱げる,脱げなくて,B
352,19,このプリントは宿題ではありませんから、＿＿＿＿＿もいいです。,出して,出す,出さなくて,出せなくて,C
353,19,明日は休みですから、朝早く＿＿＿＿＿もいいです。,起きて,起きられ,起きる,起きなくて,D
354,19,"A:このズボンも洗濯しますか。
B:それきれいだから、＿＿＿＿もいいですよ。",洗って,洗わなくても,洗う,洗えなくて,B
355,19,熱が下がったら、この薬を＿＿＿＿いいです。,飲む,飲んで,飲まなくて,飲める,C
356,19,嫌いだったら、_____かまいませんよ。,食べなくても,食べても,食べられても,食べられる,A
357,19,作文、上手に______かまいませんから、自分で書いて下さい。,書けないも,書けなくても,書けそうも,書く,B
358,20,風邪ですか。早く帰って、_____ほうがいいですよ,寝る,寝るの,寝た,寝ると,C
359,20,タバコは体に良くないから、______ほうがいいですよ。,吸っても,吸う,吸い,吸わない,D
360,20,"A:何か意見がありますか。
B:ゴミ箱が少なくて不便ですから、もう少し_____ほうがいいと思います。",増やした,増やして,増やす,増える,A
361,20,雨が降りそうだから、傘を＿＿＿＿ほうがいいですよ。,持って,持って行く,持って行った,持っていく,B
362,20,病気が治るまで、お酒は＿＿＿＿ほうがいいですよ。,飲んだ,飲まない,飲んでない,飲んだら,B
363,20,困ったときは一人で考えないで、家族や友達に＿＿＿ほうがいいですよ。,相談する,相談した,相談して,相談している,B
364,20,ここは駅の前で便利ですから、この駐車場に車を＿＿＿＿ほうがいいですよ。,止めた,止めない,止めたら,止めて,A
365,20,"A:テストの前は、たくさん勉強したほうがいいと思います。
B:そうですね。でも、テストのとき、眠くなったら困りますから、
前の日は早く＿＿＿＿＿ほうがいいと思います。",勉強した,寝た,勉強する,寝る,B
366,21,最近、目が悪かったので、メガネを_____ことにしました。,つける,かぶる,かける,着る,C
367,21,"A:大学を卒業したら、大学院に行くんですか。
B:いいえ、国へ_____ことにしました。",帰る,帰らない,帰って,帰った,A
368,21,"A:今日は午後から雪になりますよ。
B:じゃ、今日は______ことにします。うちで仕事をします。",出かける,出かけない,出かけるの,出かけられない,B
369,21,私は毎朝野菜ジュースを＿＿＿ことにしました。,飲んだ,飲むの,飲む,飲まない,C
370,21,毎朝５キロ＿＿＿＿ことにしました。,走った,走るの,走れた,走る,D
371,21,体重がふえたので、甘い物を＿＿＿＿ことにしました。,食べられた,食べる,食べない,食べた,C
372,21,お金がないので、毎日自分で料理を＿＿＿ことにしました,作らない,作る,作った,作るの,B
373,21,体に良くないので、タバコを＿＿＿＿ことにしました。,吸わない,吸う,吸った,吸える,A
374,22,私は一度アフリカへ_____ことがあります。,行ったこと,行った,行くこと,行く,B
375,22,私は一度も納豆を____ことがありません。,食べて,食べる,食べた,食べられ,C
376,22,私はニューヨークでミュージカルを____ことがあります。,見る,見て,見られた,見た,D
377,22,私は歌舞伎を＿＿＿＿ことがあります。,見た,見る,見て,見られ,A
378,22,私は日本の旅館に＿＿＿ことがあります。,泊まる,泊まった,泊まって,泊まれ,B
379,22,私は自動車の工場を＿＿＿ことがあります。,見学,見学して,見学した,見学し,C
380,22,チャンさんはまだ新幹線に＿＿＿ことがありません。,乗って,乗る,乗られて,乗った,D
381,22,マリアさんは、以前（いぜん）着物を＿＿＿ことがあります。,着る,着て,着た,着られ,C
382,22,先週富士山に＿＿＿＿＿＿。,登るつもりです,登ったことがあります,登ることがあります,登りました,D
383,22,今、私は新幹線に＿＿＿＿＿＿＿。,乗ったことがあります,乗ることがあります,乗るつもりです,乗っています,D
384,23,この料理はどうやって_____か、教えて下さい。,作ります,作るん,作る,作るそう,C
385,23,お土産は何が______か、聞きました。,いいです,いいん,いいそう,いい,D
386,23,田中さんはどこへ______か、知っていますか。昨日からいないんですよね。,行く,行って,行った,行ったん,C
387,23,佐藤さんの電話番号が_____か、忘れてしました。,いくつ,何番,何だ,何で,B
388,23,"A:試合は何時に始まりますか。
B:さあ。何時に＿＿＿か、わかりません。",始まる,始まった,始まります,始まって,A
389,23,"A:コピー、何枚必要ですか。
B:わかりません。何枚＿＿＿か、山田さんに聞いて下さい。",いる,必要,必要だ,必要の,B
390,23,"A:佐藤さん、今日、元気がありませんね。
B:そうですね。どうして元気が＿＿＿か、知っていますか。",ありません,ある,ない,なかった,C
391,23,"A:東京から成田空港までいくらでしたか。
B:いくら＿＿＿＿か、忘れました。",である,でした,であるの,だった,D
392,23,"A:今日のパーティー、誰が来ますか。
B:さあ、誰が＿＿＿＿か、私も知らないんです。",来た,来ます,来る,来たん,C
393,24,春に_____、桜が咲きます。,なるの,なると,なっても,なるなら,B
394,24,このボタンを____、きっぷが出ます。,押すと,押しても,押した,押すなら,A
395,24,この道をまっすぐ____と、銀行があります。,ある,行く,いる,見る,B
396,24,スーパーが_____と、不便です。,遠いの,遠かった,遠い,遠くて,C
397,24,いい______と、ここから富士山が見えます。,天気で,天気な,天気なら,天気だ,D
398,24,すぐ______と、間に合いませんよ。,行く,行くなら,行かない,行っても,C
399,24,パスポートが＿＿＿＿、外国に行けません。,なくて,ないと,なく,ないだろう,B
400,24,右に＿＿＿＿＿と、郵便局があります。,曲がる,曲がった,曲がって,曲がったの,A
401,24,雨が＿＿＿＿と、水が足りなくなります。,降る,降らない,降った,降るなら,B
402,24,このボタンを＿＿＿＿＿と、音が大きくなります。,押して,押すの,押す,押した,C
403,24,１００メートルぐらい歩いて橋を＿＿＿＿と、白い建物があります。,渡って,渡った,渡るの,渡る,D
404,24,＿＿＿＿＿＿と、仕事をするとき不便です。,パソコンが古い,古いパソコンを,古いパソコン,パソコンが古くて,A
405,25,東京の地下鉄は私の国の地下鉄＿＿＿＿便利です。,より,の方が,も,どっち,A
406,25,兄は私＿＿＿＿英語が上手です。,も,より,もっと,の方が,B
407,25,今日のテストは昨日＿＿＿＿やさしかったです。,テストより,のより,の方が,よりの,B
408,25,北海道は九州＿＿＿＿大きいです。,の方が,どっち,で,より,D
409,25,スカイツリーは東京タワー＿＿＿＿高いです。,が,の方が,より,も,C
410,25,姉は私＿＿＿＿髪が長いです。,の方が,より,の,で,B
411,26,私の家の前に学校ができました。＿＿＿学校には大きいプールがあります。,その,この,あの,どの,A
412,26,"A:デイズニーランドのパレードが新しくなりましたね。
B:そうですか。じゃ、＿＿＿＿パレードを一緒に見に行きませんか。",あの,その,この,どの,B
413,26,私は花屋で働いています。＿＿＿花屋はいつもきれいな花でいっぱいです。,それ,そっち,その,そこ,C
414,26,"A:昨日、駅前のレストランに行ってきました。
B:ああ、＿＿＿＿レストラン、安くて美味しいですよね。
C:へえ、そのレストラン、何という名前ですか。",あれ,あそこ,あっち,あの,D
415,26,"A:昨日登った山とても綺麗でした。
B:＿＿＿＿やま、どこにあるんですか。",あの,これ,その,どの,C
416,26,"A:新しい薬ができたそうです。
B:＿＿＿＿＿、何の薬ですか。",これ,それ,あれ,どれ,B
417,26,"A:昔、よく一緒に川で魚を釣ったね。
B:そうだったね。＿＿＿＿川、今でもあるかな？",あの,その,あれ,それ,A
418,26,"A:この間読んだ「山の上」という本、とても面白かったですよ。
B:そうですか。＿＿＿＿＿本、貸していただけませんか。",あの,その,この,おもしろい,B
419,27,小林さんはギターを_____が上手です。,弾きます,弾いたの,弾くの,弾く,C
420,27,宿題を_____を忘れました。,持ってきました,持ってきましたの,持ってきたの,持ってくるの,D
421,27,田中さんは野球が_______を知っていますか。,大好きだこと,大好きこと,大好きなの,大好きです,C
422,27,_____は楽しいですが、疲れます。,泳ぎました,泳ぐの,泳いで,泳いでいる,B
423,27,高橋さんが先月_______を知っていますか。,結婚したの,結婚するが,結婚するの,結婚したが,A
424,27,"A:何をするのが好きですか。
B:山に登る＿＿＿が好きです。",で,も,の,に,C
425,27,佐藤さんはいつも＿＿＿＿早いです。,運ぶを,運ぶのが,運ぶのを,運ぶのは,C
427,27,私はトイレを＿＿＿＿が嫌いです。,洗うこと,洗った,洗う,洗ったこと,A
428,27,昔一緒に海で＿＿＿覚えていますか。,泳ぐのが,泳ぐのを,泳いだのが,泳いだのを,D
429,27,"まんがを読む＿＿＿好きですが、
本を読む＿＿＿あまり好きではありません。",のは,のが,のに,のを,A
430,27,友達と＿＿＿＿は楽しいです。,旅行するの,にぎやかなの,旅行した,にぎやかったの,A
431,27,"A:あそこに＿＿＿＿誰ですか。
B:佐藤さんです。",いるのは,いたのは,いるのが,いたのが,A
432,27,"A:今日＿＿＿＿＿、どうしてですか。
B:電車の事故があったからです。",遅刻するのは,遅刻しするのが,遅刻したのは,遅刻したのが,C
433,27,"A:国へ＿＿＿＿のはいつですか。
B:来週です。",帰る,帰ります,帰らない,帰った,A
434,27,"A:アメリカへ＿＿＿のは、いつですか。
B:来年の４月です。",行く,行きます,行かない,行った,A
435,27,"A:小林さんが今一番＿＿＿＿のは、何ですか。
B:新しいゲームです。",ほしい,新しい,な,ゲーム,A
436,27,"A:タイで一番＿＿＿のは、どこですか。
B:パンコクです",にぎやか,にぎやかで,にぎやかな,にぎやかだ,C
437,27,"A:昨日学校を＿＿＿のは、どうしてですか。
B:お腹が痛かったらです。",休む,休んだ,休まない,休まなかった,B
Kai 438,27,日本語を勉強する＿＿＿は楽しいです。,は,けど,で,の,D
Kai 439,27,走る＿＿＿が好きです。,の,に,を,は,A
Kai 440,27,早く＿＿＿＿は大変です。,起きる,起きるの,起きたの,起きているの,B
Kai 441,27,友だちと＿＿＿＿＿は楽しいです。,話したの,話すの,話しての,話す,B
Kai 442,27,"A ; 何が好きですか。
B : _____が好きです。",音楽を聞くの,音楽を聞く,音楽を聞いて,音楽を聞いた,A
Kai 443,27,日本語を話す_____ができます。,の,こと,など,を,B
Kai 444,27,海外で働いた_____があります。,の,こと,を,は,B
Kai 445,27,来月から東京に引っ越す_____になりました。,は,こと,を,の,B
Kai 446,27,毎日30分、日本語を勉強する_____にします。,できる,こと,を,の,B
Kai 447,27,私の趣味は映画を見る_____です。,こと,の,できる,した,A
Kai 448,27,今日の宿題は、漢字を１０回書く＿＿＿です。,大変,難しい,こと,の,C
449,27,太郎くんが遊んでいる＿＿＿が見えます。,の,だ,こと,な,A
450,27,タバコを＿＿＿のを辞めた。,吸う,あきらめる,発見する,読む,A
451,27,あそこに＿＿＿誰ですか。,いるのは,いるのが,あるのは,あるのが,A
452,27,レストランが一番忙しい＿＿＿は昼の１２時から１時の間です。,こと,の,に,で,B
453,27,私は富士山に登った＿＿＿＿があります。,こと,の,ところ,あいだ,A
454,27,鈴木さんが歌っている＿＿＿＿＿が聞こえる。,こと,の,時間,場所,B
455,27,"A:ここで何をしているのですか。
B:佐藤さんが帰ってくる＿＿＿＿を待っているんです。",こと,の,時間,ところ,B
456,28,高山病院まで行く＿＿＿＿に１時間かかります。,こと,の,は,時間,B
457,28,これは卵を切る＿＿＿＿に使います。,包丁（ほうちょう）,こと,よう,の,D
458,28,学校へ持って行く＿＿＿ちょうどいい鞄が欲しいです。,の,のは,のに,のが,C
459,28,テレビは日本語を勉強する＿＿＿＿役に立つと思います。,ので,のに,のが,のを,B
460,28,結婚する＿＿＿＿新しい部屋を探しています。,のは,のが,のに,ので,D
461,28,結婚する＿＿＿＿どれくらいお金がいりますか。,のは,のが,のに,ので,C
462,28,この傘は軽くて小さい＿＿＿＿＿、旅行に持っていく＿＿＿＿＿いいですよ。,のに / のに,ので / ので,ので / のに,のに / ので,C
463,29,今夜ここでパーティーが＿＿＿＿＿。ぜひ来てください,開きます,開きました,開かれます,開けます,C
464,29,この歌は色々な国で＿＿＿＿＿。,歌います,歌いました,歌っています,歌われています,B
465,29,入学式は毎年４月に＿＿＿＿＿。,行ます,行わます,行われます,行わられます,C
466,29,日本酒は米から＿＿＿＿＿。,行われます,料理されます,作られます,飲まれます,C
Kai 467,29,この絵はゴッホによって＿＿＿＿＿。,描（か）きました,描いています,描けます,描かれました,D
Kai 468,29,この音楽プレーヤーはソニー＿＿＿＿＿作られました,という,こと,によって,だけど,C
Kai 469,29,東京ゲームショウはいつ、どこで＿＿＿＿＿。,開きますか,開かれますか,開いていますか,開けますか,B
Kai 470,29,この駅の工事は3月に終わると＿＿＿＿＿＿。,言います,言っています,言われています,言ったことがあります,C
Kai 471,29,この工場は去年＿＿＿＿＿。,建てます,建てれました,建てられました,建てられていました,C
Kai 472,29,日本からいろいろな国に車が輸出（ゆしゅつ）＿＿＿＿＿。,します,しされています,されています,られています,C
Kai 473,29,このお寺は東京でいちばん古いと＿＿＿＿＿＿います。,言あれて,言って,言えて,言われて,D
Kai 474,29,電話はベルという人＿＿＿＿発明（はつめい）されました。,をよって,がよって,によって,なよって,C
Kai 475,29,このルールは会社＿＿＿＿決められました。,による,によります,によって,によられて,C
Kai 476,29,これは社長によって＿＿＿＿＿。,決めました,決めたことがあります,決めれました,決められました,D
477,29,この工場は１９８０年に＿＿＿ました。,建てられ,建てて,建てれ,建ち,A
478,29,日本から色々な国へ車が＿＿＿＿います。,輸出して,輸出されて,買って,買,B
479,29,この音楽はAIによって＿＿＿＿＿。,作りました,作っていました,作られました,作れました,C
480,29,来月スピーチ大会を＿＿＿ます。,開き,開いて,開かれ,開けば,A
481,29,大きい試合の前にはいつも国歌が＿＿＿＿ます。,歌われ,歌い,歌って,歌え,A
482,29,この絵はいつ＿＿＿＿ましたか。,描かれ,描きれ,描くれ,描けれ,A
483,29,『こころ』は夏目漱石_______書かれました。,が,は,を,によって,D
484,29,電話は１８７６年にベル_______発明しました。,が,を,で,によって,A
485,29,ホームからおちた男性は駅員＿＿＿＿助けられました。,によって,によると,で,が,A
486,30,あ、財布が_______よ。誰のかな。,落ちます,落ちません,落ちています,落ちてもいいです,C
487,30,映画館の前に人がたくさん________ね。,並びます,並んでいます,並っています,並いでいます,B
488,30,あそこにタクシーが_______から、あのタクシーに乗りましょう。,待ちます,待つ,待っています,待くています,C
489,30,佐藤さんの部屋の電気が________よ,開いています,ついています,置いています,つけています,B
490,30,窓が _________。,割れています,割っています,割んでいます,割くています,A
491,30,カーテンが _________。,破れています,書いています,作っています,つけています,A
492,30,床が _________。,濡れています,水です,待っています,書いています,A
493,30,ドアが _______。,壊んでいます,壊れています,壊しています,壊てています,B
494,30,木が ________。,折れています,折ってています,折りています,折ったいます,A
495,31,"A:犬の____がしますね。
B:ああ、隣の家に犬がいますから。",音,声,におい,味,B
496,31,"A:ここは変な_____がしますね
B:ああ、これは温泉のにおいですよ。",音,声,におい,味,C
497,31,A:あ、佐藤さんの＿＿＿がするよ。B:そうだね。誰と話しているのかな。,味,におい,音,声,D
498,31,"A:ただいま。ああ、いい＿＿＿がするね。
B:うん。今夜はカレーライスだよ。",におい,声,味,音,A
499,31,"A:このアイスクリーム、お酒の＿＿＿がしますね。
B:ええ、よく分かりましたね。日本酒入っているんですよ。",声,味,におい,音,B
500,31,"A:ねえ。隣の部屋から電話の＿＿＿がするよ。
B:え？隣には誰も住んでいないのに、変だね。",におい,声,音,味,C
Kai 501,26,"A：昨日、新しい日本語アプリを使ってみたよ。
B：へえ、＿＿＿、どうだった？",これ,それ,あれ,その,B
Kai 502,26,"A：田中さんが紹介してくれたカフェ、行った？
B：うん、＿＿＿カフェ、すごく静かだったよ。",その,あれ,これ,あの,A
Kai 503,26,"A：前に一緒に見たアニメ、覚えてる？
B：ああ、＿＿＿ね。面白かったよね。",それ,その,あの,あれ,D
504,31,演奏の____がする,味,におい,音,声,D
505,31,＿＿＿＿がする,足音,声,におい,味,A
506,31,＿＿＿＿音がする,変に,変な,変だ,変の,B
508,31,＿＿＿＿がしない,音,声,におい,味,D
512,32,ちょうど今、子供が_____ところですから、静かにしてください。,寝る,寝ている,寝そう,寝た,D
513,32,"A:上田さん、コビー機、使っていいですか？
B:ええ、どうぞ。ちょうど＿＿＿ところです",終わった,終わる,終わっている,終わって,A
514,32,A:レポートできましたか。B:今＿＿＿＿ところです。あと半分くらいです。,書く,書いている,書いた,書こう,B
515,32,"A：今どこ？
B：駅。電車を＿＿＿＿ところ。今から行くね。",待つ,待った,待っている,待とう,C
516,32,"A：もしもし、大山さん、今どこですか。
B：これから会社を＿＿＿＿ところです。",出た,出ている,出よう,出る,D